,,,,,Scoring,Scoring,Scoring,Scoring,Scoring,Scoring,Goalie Stats,Goalie Stats,Goalie Stats,Goalie Stats,Goalie Stats,Goalie Stats,,,
Rk,Player,From,To,Pos,GP,G,A,PTS,+/-,PIM,GP,W,L,T/O,SV%,GAA,Birth City,Birth Date,Death Date
1,Antti Aalto\aaltoan01,1998,2001,C,151,11,17,28,-25,52,,,,,,,Lappeenranta,1975-03-04,
2,Sebastian Aho\ahose01,2017,2020,F,288,106,131,237,40,92,,,,,,,Rauma,1997-07-26,
3,Peter Ahola\aholape01,1992,1994,D,123,10,17,27,2,137,,,,,,,Espoo,1968-05-14,
4,Sami Aittokallio\aittosa01,2013,2014,G,2,0,0,0,0,0,2,0,1,0,.884,3.36,Tampere,1992-08-06,
5,Mika Alatalo\alatami01,2000,2001,LW,152,17,29,46,-2,58,,,,,,,Oulu,1971-06-11,
6,Joel Armia\armiajo01,2015,2020,RW,272,51,51,102,3,78,,,,,,,Pori,1993-05-31,
7,Niklas Backstrom\backsni01,2007,2016,G,413,0,5,5,0,22,413,196,144,50,.914,2.49,Helsinki,1978-02-13,
8,Aleksander Barkov\barkoal01,2014,2020,C,458,149,245,394,36,82,,,,,,,Tampere,1995-09-02,
9,Aki Berg\bergak01,1996,2006,D,606,15,70,85,-12,374,,,,,,,Turku,1977-07-28,
10,Sean Bergenheim\bergese01,2004,2015,LW,506,96,84,180,-42,379,,,,,,,Helsinki,1984-02-08,
11,Timo Blomqvist\blomqti01,1982,1987,D,243,4,53,57,24,293,,,,,,,Helsinki,1961-01-23,
12,Arto Blomsten\blomsar01,1994,1996,D,25,0,4,4,-3,8,,,,,,,Vaasa,1965-03-16,
13,Henrik Borgström\borgshe01,2018,2020,C,58,9,10,19,-17,6,,,,,,,Helsinki,1997-08-06,
14,Toni Dahlman\dahlmto01,2002,2003,RW,22,1,1,2,-2,0,,,,,,,Helsinki,1979-09-03,
15,Joonas Donskoi\donskjo01,2016,2020,RW,327,59,92,151,19,84,,,,,,,Raahe,1992-04-13,
16,Miika Elomo\elomomi01,2000,2000,LW,2,0,1,1,1,2,,,,,,,Turku,1977-04-21,
17,Kari Eloranta\eloraka01,1982,1987,D,267,13,103,116,23,155,,,,,,,Lahti,1956-02-29,
18,Mikko Eloranta\elorami01,2000,2003,LW,264,32,44,76,-24,186,,,,,,,Aura,1972-08-24,
19,Valtteri Filppula\filppva01,2006,2020,C,993,188,321,509,11,326,,,,,,,Vantaa,1984-03-20,
20,Christopher Gibson\gibsoch01,2016,2019,G,14,0,0,0,0,0,14,3,4,3,.904,3.45,Karkkila,1992-12-27,
21,Markus Granlund\granlma01,2014,2020,C,332,58,43,101,-40,86,,,,,,,Oulu,1993-04-16,
22,Mikael Granlund\granlmi01,2013,2020,C,515,101,236,337,25,136,,,,,,,Oulu,1992-02-26,
23,Tuomas Gronman\gronmtu01,1997,1998,D,38,1,3,4,-1,38,,,,,,,Viitasaari,1974-03-22,
24,Jari Gronstrand\gronsja01,1987,1991,D,185,8,26,34,0,135,,,,,,,Tampere,1962-11-14,
25,Kari Haakana\haakaka01,2003,2003,D,13,0,0,0,-2,4,,,,,,,Outokumpu,1973-11-08,
26,Ari Haanpaa\haanpar01,1986,1988,LW,60,6,11,17,8,37,,,,,,,Nokia,1965-11-29,
27,Henrik Haapala\haapahe01,2018,2018,LW,5,0,1,1,0,0,,,,,,,Lempaala,1994-02-28,
28,Matti Hagman\hagmama01,1977,1982,C,237,56,89,145,21,36,,,,,,,Helsinki,1955-09-21,2016-10-11
29,Niklas Hagman\hagmani01,2002,2012,LW,770,147,154,301,-40,220,,,,,,,Espoo,1979-12-05,
30,Riku Hahl\hahlri01,2002,2004,C,92,5,8,13,-3,38,,,,,,,Hameenlinna,1980-11-01,
31,Markus Hannikainen\hannima01,2016,2019,LW,91,8,7,15,-8,14,,,,,,,Helsinki,1993-03-26,
32,Teemu Hartikainen\hartite01,2011,2013,C,52,6,7,13,-10,16,,,,,,,Kuopio,1990-05-03,
33,Erik Haula\haulaer01,2014,2020,LW,384,84,86,170,21,172,,,,,,,Pori,1991-03-23,
34,Ilkka Heikkinen\heikkil01,2010,2010,D,7,0,0,0,2,0,,,,,,,Rauma,1984-11-13,
35,Ville Heinola\heinovi01,2020,2020,D,8,1,4,5,3,4,,,,,,,Honkajoki,2001-03-02,
36,Miro Heiskanen\heiskmi01,2019,2020,D,127,19,37,56,-5,22,,,,,,,Espoo,1999-07-18,
37,Riku Helenius\helenri01,2009,2009,G,1,0,0,0,0,0,1,0,0,0,1.000,0.00,Palkane,1988-03-01,
38,Sami Helenius\helensa01,1997,2003,D,155,2,4,6,-8,260,,,,,,,Jokela,1974-01-22,
39,Raimo Helminen\helmira01,1986,1989,C,117,13,46,59,-26,16,,,,,,,Tampere,1964-03-11,
40,Jukka Hentunen\hentuju01,2002,2002,RW,38,4,5,9,-9,4,,,,,,,Joroinen,1974-05-03,
41,Roope Hintz\hintzro01,2019,2020,LW,96,24,21,45,-6,30,,,,,,,Tampere,1996-11-17,
42,Julius Honka\honkaju01,2017,2019,D,87,2,11,13,-7,28,,,,,,,Jyvaskyla,1995-12-03,
43,Jani Hurme\hurmeja01,2000,2003,G,76,0,0,0,0,19,76,29,25,11,.906,2.61,Turku,1975-01-07,
44,Hannes Hyvonen\hyvonha01,2002,2003,RW,42,4,5,9,-13,22,,,,,,,Oulu,1975-08-29,
45,Jarkko Immonen\immonja01,2006,2007,C,20,3,5,8,-3,4,,,,,,,Rantasalmi,1982-04-19,
46,Risto Jalo\jalori01,1986,1986,C,3,0,3,3,2,0,,,,,,,Humppila,1962-07-18,
47,Kari Jalonen\jalonka01,1983,1984,C,37,9,6,15,5,4,,,,,,,Oulu,1960-01-06,
48,Marko Jantunen\jantuma01,1997,1997,C,3,0,0,0,-1,0,,,,,,,Lahti,1971-02-14,
49,Hannu Jarvenpaa\jarveha01,1987,1989,RW,114,11,26,37,-18,81,,,,,,,Ii,1963-05-19,
50,Martti Jarventie\jarvema01,2002,2002,D,1,0,0,0,2,0,,,,,,,Tampere,1976-04-04,
51,Iiro Jarvi\jarviii01,1989,1990,RW,116,18,43,61,-24,58,,,,,,,Helsinki,1965-03-23,
52,Arto Javanainen\javanar01,1985,1985,RW,14,4,1,5,2,2,,,,,,,Pori,1959-04-08,2011-01-25
53,Jesse Joensuu\joensje01,2009,2015,LW,129,13,11,24,-25,77,,,,,,,Pori,1987-10-05,
54,Mikko Jokela\jokelmi01,2003,2003,D,1,0,0,0,0,0,,,,,,,Lappeenranta,1980-03-04,
55,Henri Jokiharju\jokihhe01,2019,2020,D,84,4,20,24,-8,44,,,,,,,Oulu,1999-06-17,
56,Jussi Jokinen\jokinju01,2006,2018,C,951,191,372,563,7,377,,,,,,,Kalajoki,1983-04-01,
57,Olli Jokinen\jokinol01,1998,2015,C,1231,321,429,750,-132,1071,,,,,,,Kuopio,1978-12-05,
58,Jyrki Jokipakka\jokipjy01,2015,2017,D,150,3,25,28,-2,34,,,,,,,Tampere,1991-08-20,
59,Timo Jutila\jutilti01,1985,1985,D,10,1,5,6,-5,13,,,,,,,Tampere,1963-12-24,
60,Jari Kaarela\kaareja01,1981,1981,G,5,0,0,0,0,2,5,2,2,0,.809,6.00,Tampere,1958-08-08,
61,Kaapo Kahkonen\kahkoka01,2020,2020,G,5,0,0,0,0,0,5,3,1,1,.913,2.96,Helsinki,1996-08-16,
62,Kaapo Kakko\kakkoka01,2020,2020,RW,41,7,9,16,-17,12,,,,,,,Turku,2001-02-13,
63,Tomi Kallio\kallito01,2001,2003,LW,140,24,31,55,-21,48,,,,,,,Turku,1977-01-27,
64,Hannu Kamppuri\kamppha01,1985,1985,G,13,0,1,1,0,2,13,1,10,1,.845,5.11,Helsinki,1957-06-01,
65,Kasperi Kapanen\kapanka01,2016,2020,RW,179,38,44,82,7,39,,,,,,,Kuopio,1996-07-23,
66,Niko Kapanen\kapanni01,2002,2008,C,397,36,90,126,-25,160,,,,,,,Hameenlinna,1978-04-29,
67,Sami Kapanen\kapansa01,1996,2008,RW,831,189,269,458,-30,175,,,,,,,Vantaa,1973-06-14,
68,Jere Karalahti\karalje01,2000,2002,D,149,8,19,27,5,97,,,,,,,Helsinki,1975-03-25,
69,Kasimir Kaskisuo\kaskika01,2020,2020,G,1,0,0,0,,0,1,0,1,0,.842,6.00,Vantaa,1993-10-02,
70,Jarmo Kekalainen\kekalja01,1990,1994,LW,55,5,8,13,-6,28,,,,,,,Tampere,1966-07-03,
71,Joonas Kemppainen\kemppjo01,2016,2016,LW,44,2,3,5,-6,4,,,,,,,Kajaani,1988-04-07,
72,Veli-Pekka Ketola\ketolve01,1982,1982,C,44,9,5,14,-17,4,,,,,,,Pori,1948-03-28,
73,Marko Kiprusoff\kipruma01,1996,2002,D,51,0,10,10,-3,12,,,,,,,Turku,1972-06-06,
74,Miikka Kiprusoff\kiprumi01,2001,2013,G,623,0,10,10,0,47,623,319,213,71,.912,2.49,Turku,1976-10-26,
75,Joel Kiviranta\kivirjo01,2020,2020,F,4,0,0,0,0,0,,,,,,,Vantaa,1996-03-23,
76,Ville Koistinen\koistvi01,2008,2010,D,103,8,24,32,14,40,,,,,,,Oulu,1982-06-17,
77,Tom Koivisto\koivito01,2003,2003,D,22,2,4,6,1,10,,,,,,,Turku,1974-06-04,
78,Mikko Koivu\koivumi01,2006,2020,C,1006,203,498,701,68,576,,,,,,,Turku,1983-03-12,
79,Saku Koivu\koivusa01,1996,2014,C,1124,255,577,832,10,809,,,,,,,Turku,1974-11-23,
80,Otto Koivula\koivuot01,2020,2020,LW,6,0,0,0,0,2,,,,,,,Nokia,1998-09-01,
81,Lauri Korpikoski\korpila01,2009,2017,LW,609,86,115,201,-49,132,,,,,,,Turku,1986-07-28,
82,Joonas Korpisalo\korpijo01,2016,2020,G,122,0,1,1,0,2,122,58,41,13,.908,2.78,Pori,1994-04-28,
83,Mikko Koskinen\koskimi01,2011,2020,G,86,0,2,2,0,2,86,41,31,8,.906,2.98,Vantaa,1988-07-18,
84,Kalle Kossila\kossika01,2017,2019,LW,19,2,1,3,-5,4,,,,,,,Kauniainen,1993-04-14,
85,Jesperi Kotkaniemi\kotkaje01,2019,2020,C,111,17,25,42,-9,30,,,,,,,Pori,2000-07-06,
86,Lasse Kukkonen\kukkola01,2004,2009,D,159,6,16,22,3,90,,,,,,,Oulu,1981-09-18,
87,Jarno Kultanen\kultaja01,2001,2003,D,102,2,11,13,-3,59,,,,,,,Luumaki,1973-01-08,
88,Janne Kuokkanen\kuokkja01,2018,2019,C/LW,11,0,0,0,-5,4,,,,,,,Oulunsalo,1998-05-25,
89,Jari Kurri*\kurrija01,1981,1998,RW,1251,601,797,1398,304,545,,,,,,,Helsinki,1960-05-18,
90,Markku Kyllonen\kylloma01,1989,1989,RW,9,0,2,2,-3,2,,,,,,,Pielisjarvi,1962-02-15,
91,Teemu Laakso\laakste01,2010,2012,D,17,0,0,0,-3,10,,,,,,,Tuusula,1987-08-27,
92,Antti Laaksonen\laaksan01,1999,2007,LW,483,81,87,168,-11,152,,,,,,,Tammela,1973-10-03,
93,Patrik Laine\lainepa01,2017,2020,RW,281,125,100,225,-1,106,,,,,,,Tampere,1998-04-19,
94,Juho Lammikko\lammiju01,2019,2019,RW,40,0,6,6,-7,6,,,,,,,Noormarkku,1996-01-29,
95,Janne Laukkanen\laukkja01,1995,2003,D,407,22,99,121,-3,335,,,,,,,Lahti,1970-03-19,
96,Artturi Lehkonen\lehkoar01,2017,2020,LW,268,51,51,102,4,78,,,,,,,Piikkio,1995-07-04,
97,Jori Lehtera\lehtejo01,2015,2019,C,307,34,77,111,12,167,,,,,,,Helsinki,1987-12-23,
98,Jere Lehtinen\lehtije01,1996,2010,RW,875,243,271,514,176,210,,,,,,,Espoo,1973-06-24,
99,Petteri Lehto\lehtope01,1985,1985,D,6,0,0,0,-4,4,,,,,,,Turku,1961-03-13,
100,Antero Lehtonen\lehtoan01,1980,1980,LW,65,9,12,21,-3,14,,,,,,,Tampere,1954-04-12,
101,Kari Lehtonen\lehtoka01,2004,2018,G,649,0,28,28,0,42,649,310,233,67,.912,2.71,Helsinki,1983-11-16,
102,Mikko Lehtonen\lehtomi01,2007,2007,D,15,1,2,3,0,8,,,,,,,Oulu,1978-06-12,
103,Mikko Lehtonen\lehtomi02,2009,2010,RW,2,0,0,0,-1,0,,,,,,,Espoo,1987-04-01,
104,Ville Leino\leinovi01,2009,2014,LW,286,40,79,119,-7,70,,,,,,,Savonlinna,1983-10-06,
105,Mikko Leinonen\leinomi01,1982,1985,C,162,31,78,109,19,71,,,,,,,Tampere,1955-07-15,
106,Sami Lepisto\lepissa01,2008,2012,D,176,6,29,35,23,137,,,,,,,Espoo,1984-10-17,
107,Otto Leskinen\leskiot01,2020,2020,D,5,0,0,0,0,0,,,,,,,Pieksamaki,1997-02-06,
108,Tapio Levo\levota01,1982,1983,D,107,16,53,69,-52,36,,,,,,,Pori,1955-09-24,
109,Juha Lind\lindju01,1998,2001,C,133,9,13,22,-3,20,,,,,,,Helsinki,1974-01-02,
110,Petteri Lindbohm\lindbpe02,2015,2017,D,40,2,1,3,-9,37,,,,,,,Helsinki,1993-09-23,
111,Esa Lindell\lindees01,2016,2020,D,284,26,70,96,45,85,,,,,,,Vantaa,1994-05-23,
112,Perttu Lindgren\lindgpe01,2010,2010,C,1,0,0,0,0,0,,,,,,,Tampere,1987-08-26,
113,Jyrki Lumme\lummejy01,1989,2003,D,985,114,354,468,76,620,,,,,,,Tampere,1966-07-16,
114,Pentti Lund\lundpe01,1949,1953,RW,259,44,55,99,,42,,,,,,,Karijoki,1925-12-06,2013-04-16
115,Mikko Luoma\luomami01,2004,2004,D,3,0,1,1,0,0,,,,,,,Jyvaskyla,1976-06-22,
116,Eetu Luostarinen\luostee01,2020,2020,C,8,0,1,1,-2,0,,,,,,,Siilinjarvi,1998-09-02,
117,Joona Luoto\luotojo01,2020,2020,F,16,0,0,0,-3,2,,,,,,,Tampere,1997-09-26,
118,Toni Lydman\lydmato01,2001,2013,D,847,36,206,242,45,551,,,,,,,Lahti,1977-09-25,
119,Olli Maatta\maattol01,2014,2020,D,403,28,91,119,60,108,,,,,,,Jyvaskyla,1994-08-22,
120,Saku Maenalanen\maenasa01,2019,2019,RW,34,4,4,8,0,20,,,,,,,Kemi,1994-05-29,
121,Mikko Makela\makelmi01,1986,1995,RW,423,118,147,265,-4,139,,,,,,,Tampere,1965-02-28,
122,Tomi Maki\makito01,2007,2007,RW,1,0,0,0,0,0,,,,,,,Helsinki,1983-08-19,
123,Kari Makkonen\makkoka01,1980,1980,LW,9,2,2,4,-2,0,,,,,,,Harjavalta,1955-01-20,
124,Olli Malmivaara\malmiol01,2008,2008,D,2,0,0,0,2,0,,,,,,,Kajaani,1982-03-13,
125,Masi Marjamaki\marjama01,2006,2006,RW,1,0,0,0,0,0,,,,,,,Pori,1985-01-16,
126,Jussi Markkanen\markkju01,2002,2007,G,128,0,2,2,0,4,128,43,47,15,.901,2.70,Imatra,1975-05-08,
127,Markus Mattsson\mattsma01,1980,1984,G,92,0,3,3,0,6,92,21,46,14,.867,4.13,Suoniemi,1957-07-30,
128,Anssi Melametsa\melaman01,1986,1986,RW,27,0,3,3,-5,2,,,,,,,Jyvaskyla,1961-06-21,
129,Antti Miettinen\miettan01,2004,2013,RW,539,97,133,230,-24,234,,,,,,,Hameenlinna,1980-07-03,
130,Niko Mikkola\mikkoni01,2020,2020,D,4,0,1,1,3,0,,,,,,,Finland,1996-04-27,
131,Jarmo Myllys\myllyja01,1989,1992,G,39,0,1,1,0,4,39,4,27,1,.859,5.23,Savonlinna,1965-05-29,
132,Antti Niemi\niemian02,2009,2019,G,464,0,12,12,0,8,464,242,140,57,.912,2.57,Vantaa,1983-08-29,
133,Antti-Jussi Niemi\niemian01,2001,2002,D,29,1,1,2,-7,22,,,,,,,Helsinki,1977-09-22,
134,Ville Nieminen\niemivi01,2000,2007,LW,385,48,69,117,-28,333,,,,,,,Tampere,1977-04-06,
135,Janne Niinimaa\niinija01,1997,2007,D,741,54,265,319,43,733,,,,,,,Raahe,1975-05-22,
136,Antero Niittymaki\niittan01,2004,2011,G,234,0,3,3,0,6,234,95,86,31,.902,2.95,Turku,1980-06-18,
137,Sami Niku\nikusa01,2018,2020,D,35,2,3,5,1,4,,,,,,,Haapavesi,1996-10-10,
138,Petteri Nokelainen\nokelpe01,2006,2012,C,245,20,21,41,-14,103,,,,,,,Imatra,1986-01-16,
139,Mika Noronen\noronmi01,2001,2006,G,71,1,0,1,0,4,71,23,32,6,.901,2.68,Tampere,1979-06-17,
140,Fredrik Norrena\norrefr01,2007,2009,G,100,0,1,1,0,6,100,35,45,11,.899,2.79,Pietarsaari,1973-11-29,
141,Petteri Nummelin\nummepe01,2001,2008,D,139,9,36,45,-28,34,,,,,,,Turku,1972-11-25,
142,Teppo Numminen\nummite01,1989,2009,D,1372,117,520,637,56,513,,,,,,,Tampere,1968-07-03,
143,Kai Nurminen\nurmika01,1997,2001,LW,69,17,11,28,-4,24,,,,,,,Turku,1969-03-29,
144,Pasi Nurminen\nurmipa01,2002,2004,G,125,0,5,5,0,39,125,48,54,12,.904,2.89,Lahti,1975-12-17,
145,Markus Nutivaara\nutivma01,2017,2020,D,221,16,37,53,22,28,,,,,,,Oulu,1994-06-06,
146,Janne Ojanen\ojaneja01,1989,1993,C,98,21,23,44,-8,28,,,,,,,Tampere,1968-04-09,
147,Joni Ortio\ortiojo01,2014,2016,G,37,0,2,2,0,2,37,15,15,5,.901,2.66,Turku,1991-04-16,
148,Oskar Osala\osalaos01,2009,2010,LW,3,0,0,0,-1,0,,,,,,,Vaasa,1987-12-26,
149,Iiro Pakarinen\pakarii01,2015,2018,RW,134,10,13,23,-11,18,,,,,,,Loviisa,1991-08-25,
150,Timo Parssinen\parssti01,2002,2002,LW,17,0,3,3,0,2,,,,,,,Lohjan mlk.,1977-01-19,
151,Ville Peltonen\peltovi01,1996,2009,LW,382,52,96,148,-11,119,,,,,,,Vantaa,1973-05-24,
152,Harri Pesonen\pesonha01,2013,2013,LW,4,0,0,0,-1,2,,,,,,,Muurame,1988-08-06,
153,Janne Pesonen\pesonja01,2009,2009,LW,7,0,0,0,-3,0,,,,,,,Suomussalmi,1982-05-11,
154,Lennart Petrell\petrele01,2012,2013,C,95,7,11,18,-14,49,,,,,,,Helsinki,1984-04-13,
155,Tomi Pettinen\pettito01,2003,2006,D,24,0,0,0,-3,18,,,,,,,Ylojarvi,1977-06-17,
156,Tuomas Pihlman\pihlmtu01,2004,2007,LW,15,1,1,2,-1,12,,,,,,,Espoo,1982-11-13,
157,Antti Pihlstrom\pihlsan01,2008,2009,LW,54,2,5,7,-2,10,,,,,,,vantaa,1984-10-22,
158,Ilkka Pikkarainen\pikkail01,2010,2010,RW,31,1,3,4,-3,10,,,,,,,Sonkajarvi,1981-04-19,
159,Lasse Pirjeta\pirjela01,2003,2006,C,146,23,27,50,-3,50,,,,,,,Haukipudas,1974-04-04,
160,Esa Pirnes\pirnees01,2004,2004,C,57,3,8,11,-9,12,,,,,,,Oulu,1977-04-01,
161,Joni Pitkanen\pitkajo01,2004,2013,D,535,57,225,282,-8,484,,,,,,,Oulu,1983-09-19,
162,Jukka Porvari\porvaju01,1982,1983,RW,39,3,9,12,-23,4,,,,,,,Tampere,1954-01-19,
163,Al Pudas\pudasal01,1927,1927,W,4,0,0,0,,0,,,,,,,Siikajoki,1899-02-17,1976-10-28
164,Teemu Pulkkinen\pulkkte01,2014,2017,RW,83,13,9,22,5,32,,,,,,,Vantaa,1992-01-02,
165,Mika Pyorala\pyorami01,2010,2010,C,36,2,2,4,-3,10,,,,,,,Oulu,1981-07-13,
166,Antti Raanta\raantan01,2014,2020,G,174,0,3,3,0,2,174,82,55,17,.920,2.39,Rauma,1989-05-12,
167,Karri Ramo\ramoka01,2007,2016,G,159,0,4,4,0,16,159,60,63,18,.906,2.85,Asikkala,1986-07-01,
168,Mikko Rantanen\rantami01,2016,2020,RW,268,95,145,240,-23,116,,,,,,,Nousiainen,1996-10-29,
169,Joonas Rask\raskjo01,2013,2013,C,2,0,1,1,-1,0,,,,,,,Savonlinna,1990-03-24,
170,Tuukka Rask\rasktu01,2008,2020,G,522,0,15,15,0,24,522,282,154,64,.921,2.28,Savonlinna,1987-03-10,
171,Pekka Rautakallio\rautape01,1980,1982,D,235,33,121,154,13,122,,,,,,,Pori,1953-07-25,
172,Juuso Riikola\riikoju01,2019,2020,D,60,3,9,12,7,12,,,,,,,Joensuu,1993-11-09,
173,Pekka Rinne\rinnepe01,2006,2020,G,650,1,13,14,0,56,650,356,196,73,.918,2.40,Kempele,1982-11-03,
174,Rasmus Rissanen\rissara01,2015,2015,D,6,0,0,0,-5,4,,,,,,,Kuopio,1991-07-13,
175,Rasmus Ristolainen\ristora01,2014,2020,D,470,41,174,215,-143,243,,,,,,,Turku,1994-10-27,
176,Jani Rita\ritaja01,2002,2006,LW,66,9,5,14,-4,10,,,,,,,Helsinki,1981-07-25,
177,Reijo Ruotsalainen\ruotsre01,1982,1990,D,446,107,237,344,65,180,,,,,,,Oulu,1960-04-01,
178,Christian Ruuttu\ruuttch01,1987,1995,C,621,134,298,432,40,714,,,,,,,Lappeenranta,1964-02-20,
179,Jarkko Ruutu\ruutuja01,2000,2011,RW,652,58,84,142,-21,1078,,,,,,,Vantaa,1975-08-23,
180,Tuomo Ruutu\ruututu01,2004,2016,C/LW,735,148,198,346,-70,596,,,,,,,Vantaa,1983-02-16,
181,Jussi Rynnas\rynnaju01,2012,2015,G,5,0,0,0,0,0,5,0,2,0,.844,4.17,Pori,1987-05-22,
182,Aleksi Saarela\saareal01,2020,2020,C,3,0,0,0,0,0,,,,,,,Helsinki,1997-01-07,
183,Simo Saarinen\saarisi01,1985,1985,D,8,0,0,0,-5,8,,,,,,,Helsinki,1963-02-14,
184,Anssi Salmela\salmean01,2009,2011,D,112,4,17,21,-11,44,,,,,,,Nokia,1984-08-13,
185,Tony Salmelainen\salmeto01,2004,2007,LW,70,6,12,18,-4,30,,,,,,,Espoo,1981-08-08,
186,Sami Salo\salosa01,1999,2014,D,878,99,240,339,130,286,,,,,,,Turku,1974-09-02,
187,Miikka Salomaki\salommi01,2015,2020,RW,167,12,15,27,-2,76,,,,,,,Raahe,1993-03-09,
188,Tomas Sandstrom\sandsto01,1985,1999,RW,983,394,462,856,8,1193,,,,,,,Jakobstad,1964-09-04,
189,Tommi Santala\santato01,2004,2007,C,63,2,7,9,-7,46,,,,,,,Helsinki,1979-06-27,
190,Juuse Saros\sarosju01,2016,2020,G,101,0,4,4,0,0,101,44,31,16,.916,2.62,Forssa,1995-04-19,
191,Harri Sateri\saterha01,2018,2018,G,9,0,0,0,0,0,9,4,4,0,.911,2.92,Toijala,1989-12-29,
192,Teemu Selanne*\selante01,1993,2014,RW,1451,684,773,1457,95,660,,,,,,,Helsinki,1970-07-03,
193,Jyrki Seppa\seppajy01,1984,1984,D,13,0,2,2,-9,6,,,,,,,Tampere,1961-11-14,
194,Risto Siltanen\siltari01,1980,1987,D,562,90,265,355,-79,266,,,,,,,Mantta,1958-10-31,
195,Ilkka Sinisalo\sinisil01,1982,1992,RW,582,204,223,427,126,208,,,,,,,Hauho,1958-07-10,2017-04-05
196,Ville Siren\sirenvi01,1986,1990,D,290,14,68,82,15,276,,,,,,,Tampere,1964-02-11,
197,Petri Skriko\skrikpe01,1985,1993,RW,541,183,222,405,-101,246,,,,,,,Lappeenranta,1962-03-13,
198,Kai Suikkanen\suikkka01,1982,1983,RW,2,0,0,0,0,0,,,,,,,Parkano,1959-06-29,
199,Raimo Summanen\summara01,1984,1988,LW,151,36,40,76,6,35,,,,,,,Jyvaskyla,1962-03-02,
200,Antti Suomela\suomean01,2019,2020,C,36,3,6,9,2,4,,,,,,,Espoo,1994-03-17,
201,Kari Takko\takkoka01,1986,1991,G,142,0,2,2,0,30,142,37,71,14,.878,3.90,Uusikaupunki,1962-06-23,
202,Iiro Tarkki\tarkkii01,2012,2012,G,1,0,0,0,0,0,1,1,0,0,.700,4.41,Rauma,1985-07-01,
203,Teuvo Teravainen\teravte01,2014,2020,F,406,85,184,269,49,72,,,,,,,Helsinki,1994-09-11,
204,Esa Tikkanen\tikkaes01,1986,1999,LW,877,244,386,630,82,1077,,,,,,,Helsinki,1965-01-25,
205,Jussi Timonen\timonju01,2007,2007,D,14,0,4,4,-10,6,,,,,,,Kuopio,1983-06-29,
206,Kimmo Timonen\timonki01,1999,2015,D,1108,117,454,571,35,654,,,,,,,Kuopio,1975-03-18,
207,Hannu Toivonen\toivoha01,2006,2008,G,61,0,0,0,0,10,61,18,24,10,.890,3.37,Kalvola,1984-05-18,
208,Eeli Tolvanen\tolvaee01,2018,2019,RW,7,1,1,2,2,0,,,,,,,Vihti,1999-04-22,
209,Jari Torkki\torkkja01,1989,1989,LW,4,1,0,1,-2,0,,,,,,,Rauma,1965-08-11,
210,Antti Tormanen\tormaan01,1996,1996,RW,50,7,8,15,-15,28,,,,,,,Espoo,1970-09-19,
211,Vesa Toskala\toskave01,2002,2010,G,266,0,10,10,0,16,266,129,82,30,.902,2.76,Tampere,1977-05-20,
212,Lauri Tukonen\tukonla01,2007,2008,RW,5,0,0,0,-2,0,,,,,,,Hyvinkaa,1986-09-01,
213,Marko Tuomainen\tuomama01,1995,2002,RW,79,9,9,18,-12,84,,,,,,,Kuopio,1972-04-25,
214,Urho Vaakanainen\vaakaur01,2019,2020,D,7,0,0,0,1,0,,,,,,,Joensuu,1999-01-01,
215,Ossi Vaananen\vaanaos01,2001,2009,D,479,13,55,68,26,482,,,,,,,Vantaa,1980-08-18,
216,Juuso Valimaki\valimju01,2019,2019,D,24,1,2,3,-2,12,,,,,,,Tampere,1998-10-06,
217,Petri Varis\varispe01,1998,1998,LW,1,0,0,0,0,0,,,,,,,Varkaus,1969-05-13,
218,Jarkko Varvio\varvija01,1994,1995,RW,13,3,4,7,2,4,,,,,,,Tampere,1972-04-28,
219,Sami Vatanen\vatansa01,2013,2020,D,428,45,148,193,-2,188,,,,,,,Jyvaskyla,1991-06-03,
220,Kristian Vesalainen\vesalkr01,2019,2019,W,5,0,1,1,0,0,,,,,,,Helsinki,1999-06-01,
221,Vesa Viitakoski\viitave01,1994,1996,LW,23,2,4,6,-2,8,,,,,,,Lappeenranta,1971-02-13,
222,Hannu Virta\virtaha01,1982,1986,D,245,25,101,126,16,66,,,,,,,Turku,1963-03-22,
223,Tony Virta\virtato01,2002,2002,RW,8,2,3,5,0,0,,,,,,,Hameenlinna,1972-06-28,
224,Juha Widing\widinju01,1970,1977,C,574,144,226,370,-80,208,,,,,,,Oulu,1947-07-04,1984-12-30
225,Petteri Wirtanen\wirtape01,2008,2008,C,3,1,0,1,1,2,,,,,,,Hyvinkaa,1986-05-28,
226,Juha Ylonen\yloneju01,1997,2002,C,341,26,76,102,8,90,,,,,,,Helsinki,1972-02-13,
